|Garnir_relations|,|0|
|Behind_Enemy_Lines_(band)|,|0|
|International_Ideographs_Core|,|0|
|Kajona|,|0|
|List_of_largest_poker_tournaments_in_history_(by_prize_pool)|,|0|
|Nehari_manifold|,|0|
|Jucys–Murphy_element|,|0|
|Rafael_Irizarry_(scientist)|,|0|
|Discriminator|,|0|
|Central_African_Republic|,|0|
|Cyathea_acanthophora|,|0|
|MaxCliqueDyn_maximum_clique_algorithm|,|0|
|Dol_Ammad|,|0|
|Pungent_Stench|,|0|
|Kalhora|,|0|
|High_entropy_alloys|,|0|
|Total_Immersion_Racing|,|0|
|Technology_transfer_in_computer_science|,|0|
|Gilbert_model|,|0|
|Nexus_5X|,|0|
|Brothers_Hildebrandt|,|0|
|Officer|,|0|
|Computing_with_Memory|,|0|
|Cdist|,|0|
|Isuzu_117_Coupé|,|0|
|North_Palisade|,|0|
|Raking_light|,|0|
|List_of_games_using_SDL|,|0|
|24_Boötis|,|0|
|Dancing_in_the_Streets|,|0|
|AI_Bridging_Cloud_Infrastructure|,|0|
|Bratschen|,|0|
|Ordered_dithering|,|0|
|HD_224693|,|0|
|Female_entrepreneurs|,|0|
|Regional_Data_Exchange_System|,|0|
|Landmark_Worldwide|,|0|
|Boussingaultite|,|0|
|Dream_argument|,|0|
|Google_litigation|,|0|
|Analog-to-digital_converter|,|0|
|Master_of_the_Buckhounds|,|0|
|Abell_754|,|0|
|Coxeter_notation|,|0|
|Platform-independent_GUI_library|,|0|
|Orange_Goblin|,|0|
|Boss_Doctor_Rhythm_DR-110|,|0|
|Human_biocomputer|,|0|
|Longest_English_sentence|,|0|
|Simpsonite|,|0|
|Ford_Super_Duty|,|0|
|Lira_da_braccio|,|0|
|Dantzig–Wolfe_decomposition|,|0|
|Pozohondo_(Vino_de_la_Tierra)|,|0|
|DT_Virginis|,|0|
|Isotonic_regression|,|0|
|Jenny_LeClue|,|0|
|Jokgu|,|0|
|Fiddler's_Green|,|0|
|Mokshopaya|,|0|
|Gnome_Wave_Cleaner|,|0|
|Channel_Orange|,|0|
|Institute_for_the_Study_of_Economic_and_Social_Development|,|0|
|James_Walbourne|,|0|
|HD_151613|,|0|
|Anvil_of_Doom|,|0|
|Bhuikhel|,|0|
|Richard_and_Linda_J._Eyre|,|0|
|Ternary_computer|,|0|
|Schur_multiplier|,|0|
|Artificial_photosynthesis|,|0|
|2093_Genichesk|,|0|
|The_Christopher_Street_Connection|,|0|
|The_Ceasars|,|0|
|Bernheim_Arboretum_and_Research_Forest|,|0|
|Grammy_Award_for_Best_Hard_Rock/Metal_Performance_Vocal_or_Instrumental|,|0|
|PPML|,|1|
|Anatomical_terms_of_location|,|0|
|Methods_of_computing_square_roots|,|0|
|Digital_economy_rankings|,|0|
|YAML|,|1|
|Flat_panel_detector|,|0|
|Planeta_No|,|0|
|Abacaba_pattern|,|0|
|The_Alice_Rose|,|0|
|Vorticity_confinement|,|0|
|Statement_(computer_science)|,|0|
|Ginkgo_CADx|,|0|
|Custos_Messium|,|0|
|Clockmaker|,|0|
|CimTrak|,|0|
|HD_23089|,|0|
|Richard_Alley|,|0|
|Species|,|0|
|Ergodic_sequence|,|0|
|Java_Caps|,|0|
|Makani_Power|,|0|
|Watcher_(presence)|,|0|
|Onogoro_Island|,|0|
|Viathyn|,|0|
|Total_Software_Deployment|,|1|
|Nepotism|,|0|
|Framework_Programmes_for_Research_and_Technological_Development|,|0|
|Gender_and_development|,|0|
|Geist|,|0|
|Cockpit_display_system|,|0|
|Strobiloideae|,|0|
|Ophiuchus|,|0|
|Metaplectic_group|,|0|
|Surdo|,|0|
|NGC_463|,|0|
|CONADI|,|0|
|Colossal_red_granite_statue_of_Amenhotep_III|,|0|
|KXDocker|,|0|
|Hard_systems|,|0|
|1987_Kaplan|,|0|
|Combined_DNA_Index_System|,|0|
|Cryptophasia|,|0|
|Return_to_Mysterious_Island_2|,|0|
|Telephone_numbers_in_Western_Sahara|,|0|
|PROSITE|,|0|
|Software-defined_data_center|,|0|
|Java_Decompiler|,|1|
|TZ_Cassiopeiae|,|0|
|Web_Compatibility_Test_for_Mobile_Browsers|,|0|
|Self_(programming_language)|,|1|
|Box_modeling|,|0|
|Service_layer|,|0|
|Sotoarc|,|0|
|Google_Translate|,|0|
|HD_185269|,|0|
|Böhm_tree|,|0|
|Dryopteris_aemula|,|0|
|Evolved_antenna|,|0|
|HD_85951|,|0|
|Primerica|,|0|
|Belovezhskaya_Pushcha_National_Park|,|0|
|Ones'_complement|,|0|
|Alfonso_Fróilaz|,|0|
|Square_lattice|,|0|
|Phantasmagoria|,|0|
|Church_of_Hakeem|,|0|
|SlickEdit|,|0|
|Technology_of_television|,|0|
|UIQ|,|0|
|CasADi|,|0|
|Humf|,|0|
|Apache_iBATIS|,|0|
|Multilinear_polynomial|,|0|
|WISE_2220−3628|,|0|
|Abelian_integral|,|0|
|List_of_crowdsourcing_projects|,|0|
|Organizational_culture|,|0|
|NGC_3918|,|0|
|Maximal_torus|,|0|
|Sir,_You_Are_Being_Hunted|,|0|
|Evolution@Home|,|0|
|StarCraft_II:_Legacy_of_the_Void|,|0|
|Seiberg_duality|,|0|
|Yemenite_Children_Affair|,|0|
|Canto_(news_aggregator)|,|0|
|List_of_cities_proper_by_population|,|0|
|South_Deccan_Plateau_dry_deciduous_forests|,|0|
|List_of_Google_apps_for_Android|,|0|
|Behkadeh_Raji|,|0|
|Heuristics_in_judgment_and_decision-making|,|0|
|Civilization_V:_Brave_New_World|,|0|
|Rappelz|,|0|
|GJ_3737|,|0|
|Last_call_(bar_term)|,|0|
|Galois_cohomology|,|0|
|Stephen_Altschul|,|0|
|Nancy_Drew:_The_Deadly_Device|,|0|
|Demographics_of_the_member_states_of_the_Organisation_of_Islamic_Cooperation|,|0|
|Solicitors_Journal|,|0|
|Advanced_combat_direction_system|,|0|
|D3web|,|0|
|Messier_21|,|0|
|Mount_Greylock|,|0|
|Rohit_(caste)|,|0|
|Characters_of_Myst|,|0|
|Graph_drawing|,|0|
|Illusory_superiority|,|0|
|Landed_gentry|,|0|
|Zero-forcing_precoding|,|0|
|Eclipse_SCADA|,|0|
|Liouville_number|,|0|
|Slovakia|,|0|
|Ohio_Versus_Everything|,|0|
|Pop-up_maps|,|0|
|Video_compression_picture_types|,|0|
|Battlefield_2142|,|0|
|Mallotus_philippensis|,|0|
|European_Nucleotide_Archive|,|0|
|Dodge_St._Regis|,|0|
|Chaim_Noll|,|0|
|Hertzsprung–Russell_diagram|,|0|
|Tenement_(band)|,|0|
|Single_particle_analysis|,|0|
|Oscillator_sync|,|0|
|2937_Gibbs|,|0|
|Szydłów_Synagogue|,|0|
|Phelim_Boyle|,|0|
|The_Secret_Saturdays|,|0|
|Eta_Aquarii|,|0|
|Heteromerae|,|0|
|Glory_to_Ukraine|,|0|
|List_of_proposed_state_mergers|,|0|
|GNU_arch|,|0|
|Traceroute_(film)|,|0|
|Jorge_Orta_(artist)|,|0|
|History_monoid|,|0|
|NGC_6124|,|0|
|Mobile_asset_management|,|0|
|Dagobah|,|0|
|Team_Role_Inventories|,|0|
|SCIgen|,|0|
|Mathomatic|,|0|
|Star_Wars_Forces_of_Destiny|,|0|
|Vernacular|,|0|
|Kappa_Columbae|,|0|
|COPASI|,|0|
|Outline_of_Swaziland|,|0|
|Train_whistle|,|0|
|Rho_Leonis|,|0|
|Dsign_Music|,|0|
|2114_Wallenquist|,|0|
|1DayLater|,|0|
|Videokymography|,|0|
|Dr._Sapir_Hospital_and_Charity_Center|,|0|
|Fischer_group_Fi24|,|0|
|Kurt_Hummel|,|0|
|NGC_64|,|0|
|HD_210277|,|0|
|Zagar_Mengal|,|0|
|Index_Filicum|,|0|
|Grammy_Award_for_Best_Roots_Gospel_Album|,|0|
|Communism|,|0|
|Aqualung_(software)|,|0|
|HD_215497|,|0|
|Viterbi_decoder|,|0|
|High_yellow|,|0|
|FTSE_All-World_index_series|,|0|
|Herbert_Gelernter|,|0|
|Daily_Mix|,|0|
|NTRUSign|,|0|
|Helminthostachys_zeylanica|,|0|
|Samy_(computer_worm)|,|0|
|Quippian|,|0|
|MP3+G|,|1|
|Rheoencephalography|,|0|
|Endless_(Frank_Ocean_album)|,|0|
|Capacity_in_English_law|,|0|
|Approximation_theory|,|0|
|Polybotrya|,|0|
|TVPaint_Animation|,|0|
|Hitomi_no_Naka_no_Galaxy/Hero|,|0|
|Rodolfo_Emilio_Giuseppe_Pichi-Sermolli|,|0|
|Vivid_knowledge|,|0|
|Strip_Search_(web_series)|,|0|
|Gray_card|,|0|
|Skype_Technologies|,|0|
|Shared_information_bias|,|0|
|Phi2_Orionis|,|0|
|Thomas_D._Waldhauser|,|0|
|Ministry_of_Information_(United_Kingdom)|,|0|
|NGC_7424|,|0|
|Muskox|,|0|
|Lieu-dit|,|0|
|NGC_1087|,|0|
|Scaleform_GFx|,|0|
|Richard_Roberts_(pharmaceutical_executive)|,|0|
|Potrace|,|0|
|Near-field_communication|,|0|
|Entropy_of_mixing|,|0|
|Amanda_Barnard|,|0|
|Nu_Doradus|,|0|
|Ain't_Nobody_Got_Time_for_That|,|0|
|Boötes|,|0|
|Logitech_Media_Server|,|0|
|Dimensionality_reduction|,|0|
|Mark_Phillips_(author)|,|0|
|Text_Template_Transformation_Toolkit|,|1|
|Captology|,|0|
|HD_215114|,|0|
|V3903_Sagittarii|,|0|
|Union_catalog|,|0|
|Flintstones_(basketball)|,|0|
|Spec_Sharp|,|1|
|Wodginite|,|0|
|Feminist_digital_humanities|,|0|
|Phocaea_family|,|0|
|The_Machine_Question|,|0|
|Samorost|,|0|
|Man_the_Hunter|,|0|
|Iota_Pictoris|,|0|
|GNU_C_Library|,|0|
|White_(KAT-TUN_song)|,|0|
|Perlin_noise|,|0|
|Antibody_microarray|,|0|
|Sony_Xperia_Z3_Compact|,|0|
|Do3D|,|0|
|Senario|,|0|
|Aestivation_(botany)|,|0|
|Transformers:_The_Last_Knight|,|0|
|World_Network_of_Biosphere_Reserves|,|0|
|Nypa_fruticans|,|0|
|Internet_culture|,|0|
|Canadian_Index_of_Consumer_Confidence|,|0|
|Pajama_Sam_3:_You_Are_What_You_Eat_from_Your_Head_to_Your_Feet|,|0|
|Middle_Franconia|,|0|
|Tonkori|,|0|
|Synchronicity|,|0|
|The_Famous_Five_(football)|,|0|
|Bat_algorithm|,|0|
|Japanese|,|0|
|LTTng|,|0|
|Chi_Hydrae|,|0|
|Ampere_(band)|,|0|
|Noddy_(TV_interview_technique)|,|0|
|Henry_Crawford|,|0|
|Drools|,|0|
|Lax_equivalence_theorem|,|0|
|Liberty_Writers_News|,|0|
|Solver|,|0|
|Binomial_heap|,|0|
|Maffei_2|,|0|
|The_Betsy|,|0|
|Anna_Wikland|,|0|
|Jef_Raskin|,|0|
|GNU_Interpreter_for_Java|,|0|
|Chematica|,|0|
|Chi_Virginis|,|0|
|Process.h|,|0|
|CUTEr|,|0|
|Nullarbor_Plain|,|0|
|Meyer_set|,|0|
|Semantic_heterogeneity|,|0|
|Sharp_Zaurus|,|0|
|Spartan-V|,|0|
|AgentCubes|,|1|
|Parallel_projection|,|0|
|Blind_Faith|,|0|
|Austrobaileyales|,|0|
|Dr._DivX|,|0|
|In_the_Dark_(podcast)|,|0|
|Baldwin_Locomotive_Works|,|0|
|ISO_3166-2:KY|,|0|
|Drugs_I_Need|,|0|
|Random_neural_network|,|0|
|ZBasic|,|0|
|Bard_(Dungeons_&_Dragons)|,|0|
|Innovation_economics|,|0|
|Beta_Pyxidis|,|0|
|Comparison_of_LAN_messengers|,|0|
|European_chemical_Substances_Information_System|,|0|
|Amman_Message|,|0|
|World's_largest_palace|,|0|
|Franco-Ontarian_flag|,|0|
|Synaptic_transistor|,|0|
|Sim4|,|0|
|Gemini_Guidance_Computer|,|0|
|The_Hampton_Institute|,|0|
|Jongla|,|0|
|All_Shall_Perish|,|0|
|Superfetation|,|0|
|Pūtātara|,|0|
|Desktop_Dungeons|,|0|
|Iridescence|,|0|
|EU_Open_Data_Portal|,|0|
|D*|,|0|
|Granularity_(parallel_computing)|,|0|
|Vector-radix_FFT_algorithm|,|0|
|Osmos|,|0|
|Hotfrog|,|0|
|Dolorian|,|0|
|EXtensible_Server_Pages|,|1|
|Lisa:_The_Painful|,|0|
|MINUIT|,|0|
|F55_(classification)|,|0|
|Davidon–Fletcher–Powell_formula|,|0|
|Officialese|,|0|
|Odds_algorithm|,|0|
|Shaheen-III|,|0|
|Outline_of_Poland|,|0|
|TC0|,|0|
|Vexi|,|0|
|Geikielite|,|0|
|Thelema|,|0|
|Bastard_brothers|,|0|
|Loews_Cineplex_Entertainment|,|0|
|Harish-Chandra_isomorphism|,|0|
|L'Arc-en-Ciel|,|0|
|CT_pulmonary_angiogram|,|0|
|Pilot_plant|,|0|
|Design_Web_Format|,|1|
|Cycle_polo|,|0|
|Colorimeter_(chemistry)|,|0|
|Kazakhstan|,|0|
|ChalkZone|,|0|
|Computer_poker_player|,|0|
|EFF_DES_cracker|,|0|
|The_Computer_Language_Benchmarks_Game|,|0|
|JQuranTree|,|0|
|Attila_(metalcore_band)|,|0|
|Xenocentrism|,|0|
|123_Marseille|,|0|
|Congo_River|,|0|
|Reeducation_in_Communist_Romania|,|0|
|Folgerphone|,|0|
|Random_indexing|,|0|
|Horapollo|,|0|
|Pisces_I_(dwarf_galaxy)|,|0|
|Area_codes_in_Mexico_by_code|,|0|
|Robert_Wilensky|,|0|
|DONKEY.BAS|,|0|
|YASARA|,|0|
|Kono_Mystery_ga_Sugoi!|,|0|
|Snit|,|0|
|Indicator_bacteria|,|0|
|Google_Street_View_in_Europe|,|0|
|Dependent_type|,|0|
|PhosphoSitePlus|,|0|
|Summum|,|0|
|Detrended_fluctuation_analysis|,|0|
|Quaternary_cubic|,|0|
|LRLL_54361|,|0|
|Jaguar_D-Type|,|0|
|P/B_ratio|,|0|
|XML_Interface_for_Network_Services|,|0|
|Lively_Kernel|,|0|
|NGC_6293|,|0|
|LW9|,|0|
|ISO_3166-2:BZ|,|0|
|BMC_Systems_Biology|,|0|
|Outline_of_Nicaragua|,|0|
|Holmes_(computer)|,|0|
|Matthew_3:11|,|0|
|TWX_(magazine)|,|0|
|Gunpoint_(video_game)|,|0|
|Ashok_Row_Kavi|,|0|
|Function_point|,|0|
|Ford_Falcon_(BF)|,|0|
|Visual_language|,|0|
|Sigillaria|,|0|
|1087_Arabis|,|0|
|The_Chicken_and_the_Pig|,|0|
|Human_impact_on_the_environment|,|0|
|HD_217107_c|,|0|
|Standing_crop|,|0|
|NGC_232|,|0|
|HD_130084|,|0|
|Thriller_(viral_video)|,|0|
|Collapse_of_the_Royal_Plaza_Hotel|,|0|
|Queer_theology|,|0|
|Leopold_and_Rudolf_Blaschka|,|0|
|Media_engagement_framework|,|0|
|McAlpine_v_Bercow|,|0|
|System_for_Electronic_Document_Analysis_and_Retrieval|,|0|
|Cuestión_moral:_si_el_chocolate_quebranta_el_ayuno_eclesiástico|,|0|
|Rural_area|,|0|
|The_Acid|,|0|
|System_requirements_specification|,|0|
|Stibarsen|,|0|
|Nothoceros|,|0|
|Tersus|,|1|
|Debt-to-capital_ratio|,|0|
|Vala_(programming_language)|,|1|
|Radio_Bearer_in_UMTS|,|0|
|Debutante|,|0|
|Jordan–Wigner_transformation|,|0|
|List_of_types_of_XML_schemas|,|0|
|Modified_Richardson_iteration|,|0|
|Earth_Group|,|0|
|International_rankings_of_Honduras|,|0|
|Pikey|,|0|
|Soils_of_Fate|,|0|
|Apache_HBase|,|0|
|Bitard|,|0|
|Monasticism|,|0|
|Hostile_architecture|,|0|
|Govind_Pashu_Vihar_National_Park_and_Sanctuary|,|0|
|967_Helionape|,|0|
|5855_Yukitsuna|,|0|
|Commuter_Cars_Tango|,|0|
|Desmond_G._Higgins|,|0|
|Unrestricted_Hartree–Fock|,|0|
|Mobile_computer-supported_collaborative_learning|,|0|
|SpiNNaker|,|0|
|Speech_Synthesis_Markup_Language|,|1|
|Scalable_Vector_Graphics|,|1|
|N-version_programming|,|0|
|Nemesea|,|0|
|Leapfrogging|,|0|
|Vladimir_Damgov|,|0|
|Arctic_sea_ice_ecology_and_history|,|0|
|Raja|,|0|
|World_Rainforest_Movement|,|0|
|Gerlachovský_štít|,|0|
|SofCheck_Inspector|,|0|
|Jindal_Steel_and_Power|,|0|
|Independent_Macedonia_(1944)|,|0|
|Virtual_Teaching_Collection|,|0|
|Aakash_(tablet)|,|0|
|NGC_89|,|0|
|Cellular_algebra|,|0|
|Ford_Taurus_X|,|0|
|List_of_airports_by_IATA_code:_U|,|0|
|Chevalley_restriction_theorem|,|0|
|Sitelink|,|0|
|Left_corner|,|0|
|Sand_table|,|0|
|The_Breeders|,|0|
|Wiki_Conference_India|,|0|
|The_Bad_Breed|,|0|
|Grizzly_Creek_Redwoods_State_Park|,|0|
|False_radiosity|,|0|
|Cavalieri's_quadrature_formula|,|0|
|NGC_3603-B|,|0|
|Anton_(computer)|,|0|
|Imaging_cycler_microscopy|,|0|
|JBoss_Enterprise_Application_Platform|,|0|
|Pneumonoultramicroscopicsilicovolcanoconiosis|,|0|
|NGC_1984|,|0|
|Rynersonite|,|0|
|ILOG|,|0|
|Indianapolis_500_traditions|,|0|
|American_Truck_Simulator|,|0|
|Rank_correlation|,|0|
|Ford_Bronco_II|,|0|
|Existential_risk_from_artificial_general_intelligence|,|0|
|Trojitá|,|0|
|INGENIAS|,|0|
|Colocation_centre|,|0|
|MOA-2007-BLG-400L|,|0|
|Martyrs_of_Japan|,|0|
|SAARC_Secretary_General|,|0|
|Uniqueness_type|,|0|
|Da_Youngsta's|,|0|
|Steal_the_Bacon|,|0|
|Pavo_in_Chinese_astronomy|,|0|
|Alpina_B10_Bi-Turbo|,|0|
|Yo-yo_problem|,|0|
|Sugar_bush|,|0|
|Minimalism_(computing)|,|0|
|Mazda3|,|0|
|Linux_Lite|,|0|
|Chozen|,|0|
|PR2_(classification)|,|0|
|Hikari_no_Signal|,|0|
|Byggnadsarbetaren|,|0|
|Retention_and_protention|,|0|
|Crystal_Fighters|,|0|
|Outline_of_Afghanistan|,|0|
|Enchanted_loom|,|0|
|Gizmo5|,|0|
|Cochran–Mantel–Haenszel_statistics|,|0|
|Clip_(compiler)|,|0|
|Grey_alien|,|0|
|Apache_Wave|,|0|
|Puffer_train|,|0|
|Flail_space_model|,|0|
|Maria_Cristina_Facchini|,|0|
|The_Havana_Pitbulls|,|0|
|Tree_rearrangement|,|0|
|List_of_development_aid_country_donors|,|0|
|Sculptor_in_Chinese_astronomy|,|0|
|Psychochemical_warfare|,|0|
|Ministry_of_Communications_and_Information_Technology_(Egypt)|,|0|
|Leo_(astrology)|,|0|
|Holmfirth_floods|,|0|
|Yanaki_and_Milton_Manaki|,|0|
|PythonAnywhere|,|0|
|Real_tree|,|0|
|Common_Lisp|,|1|
|Nutrient_management|,|0|
|Kindred_the_Family_Soul|,|0|
|Income_deprivation_affecting_children_index_(UK)|,|0|
|Masyanya|,|0|
|Nature_(essay)|,|0|
|Reverse_Monte_Carlo|,|0|
|B-Step_Sequencer|,|0|
|Cyathea_recommutata|,|0|
|Marcel_the_Shell_with_Shoes_On|,|0|
|Yahoo_Beijing_Global_R&D_Center|,|0|
|David_States|,|0|
|Context_MBA|,|0|
|Pseudomonas_genome_database|,|0|
|List_of_the_largest_islands_in_the_North_Sea|,|0|
|Blowin'_(song)|,|0|
|Another_War|,|0|
|ISO_3166-2:WF|,|0|
|Commandaria|,|0|
|Ballistics_(video_game)|,|0|
|Everybody_Draw_Mohammed_Day|,|0|
|Astove_Island|,|0|
|O3Spaces|,|0|
|Hole_(band)|,|0|
|Samsung_Galaxy_Note_3|,|0|
|Gog_and_Magog|,|0|
|Textpattern|,|0|
|The_Darkness_II|,|0|
|League_of_the_Southwest|,|0|
|Unity_of_Command_(video_game)|,|0|
|Mnemosyne_(software)|,|0|
|XMTC|,|1|
|Nubbin_(landform)|,|0|
|Terms_for_Syriac_Christians|,|0|
|Samsung_Galaxy_Tab_3_7.0|,|0|
|DECtalk|,|0|
|Arghul|,|0|
|Audio_file_format|,|0|
|Maberry_and_Walker|,|0|
|Gerrit_(software)|,|0|
|International_rankings_of_Israel|,|0|
|BacMap|,|0|
|Crow_Black_Chicken|,|0|
|Dope_(band)|,|0|
|Drunk_walking|,|0|
|Beta_Crucis|,|0|
|Short_range_order|,|0|
|PriceRunner|,|0|
|Enfer|,|0|
|Tmesipteris_truncata|,|0|
|String_Theory_(artist_collective)|,|0|
|Fact,_Fiction,_and_Forecast|,|0|
|Paesia|,|0|
|Kepler-24|,|0|
|Reynolds_stress_equation_model|,|0|
|Andrew_Conrad_(geneticist)|,|0|
|Program_analysis|,|0|
|Pannaiyar_Caste|,|0|
|Indo-European_languages|,|0|
|Epsilon_Volantis|,|0|
|41_Lyncis|,|0|
|Libra_(astrology)|,|0|
|Noppera-bō|,|0|
|Animoog|,|0|
|Tsubame_(supercomputer)|,|0|
|WSPR_(amateur_radio_software)|,|0|
|Priority_Sector_Lending_Certificates|,|0|
|Inner_Sanctum_(band)|,|0|
|Superspace|,|0|
|Invent_This!|,|0|
|Tehilla_Lichtenstein|,|0|
|Multiplan|,|0|
|DENIS-P_J020529.0-115925|,|0|
|Sea_ice_microbial_communities|,|0|
|Volvo_XC40|,|0|
|Body_orifice|,|0|
|Cha_110913-773444|,|0|
|Case–Shiller_index|,|0|
|Positive_systems|,|0|
|Legion_of_Net.Heroes|,|0|
|85_Aquarii|,|0|
|Aztaka|,|0|
|Spite_fence|,|0|
|Lower_Prospect_Canal_Reserve|,|0|
|Christoffel–Darboux_formula|,|0|
|Galileo_affair|,|0|
|Jaron_Lanier|,|0|
|Raita_algorithm|,|0|
|Vanessa_Fox|,|0|
|List_of_most_viewed_online_trailers_in_the_first_24_hours|,|0|
|Children_of_Bodom|,|0|
|Three-taxon_analysis|,|0|
|Stratton_Brothers_case|,|0|
|Interaction_design|,|0|
|Capital_accumulation|,|0|
|OASIS_SOA_Reference_Model|,|0|
|Baumslag–Solitar_group|,|0|
|Pandora_(musical_group)|,|0|
|Mikhail_Bystrov|,|0|
|P_system|,|0|
|New_Lab|,|0|
|Xiaowei|,|0|
|Celebrate_the_Nun|,|0|
|Pre-Code_sex_films|,|0|
|Neuron_(software)|,|0|
|Acer_beTouch_E100/E101|,|0|
|Bertram_Raphael|,|0|
|Systematics|,|0|
|Tata_Venture|,|0|
|Sailing_at_the_1976_Summer_Olympics_–_Soling|,|0|
|1741_Giclas|,|0|
|Hot_and_cold_cognition|,|0|
|Breeder_(cellular_automaton)|,|0|
|DesktopTwo|,|0|
|Service_pack|,|0|
|Process|,|0|
|Danelectro_Amp-in-case|,|0|
|Hosmer–Lemeshow_test|,|0|
|Electronic_bagpipes|,|0|
|Pseudorandom_permutation|,|0|
|CP_Lacertae|,|0|
|McCallum_and_Tarry|,|0|
|Jewel_Pod|,|0|
|Forestry_literature|,|0|
|Canada_Geographic_Information_System|,|0|
|Latin_square|,|0|
|HAT-P-1b|,|0|
|PowerDEVS|,|0|
|Semi-simplicity|,|0|
|GXL|,|1|
|NDepend|,|0|
|Bass_Brothers|,|0|
|Eleven_Past_One|,|0|
|Gymnocarpium|,|0|
|Continental_shelf|,|0|
|1333_Cevenola|,|0|
|Schisandra|,|0|
|Manchester_Mark_1|,|0|
|Yellowstone_fires_of_1988|,|0|
|Lacrosse|,|0|
|Oh_Darling|,|0|
|The_Hidden_Wiki|,|0|
|Philosophy_of_information|,|0|
|Outboard_gear|,|0|
|Modern_C++_Design|,|0|
|Necrophagia|,|0|
|Affix_grammar_over_a_finite_lattice|,|0|
|Trash_Talk_(band)|,|0|
|3322_Lidiya|,|0|
|Kudit|,|0|
|Tokwe_Mukorsi_Dam|,|0|
|List_of_busiest_ports_by_cargo_tonnage|,|0|
|Białowieża_Forest|,|0|
|Harwell-Boeing_file_format|,|1|
|Chalo_Chatu|,|0|
|Hymenaea_protera|,|0|
|Time_crystal|,|0|
|TEA_(text_editor)|,|0|
|Nigerian_Capital_Development_Fund_(NCDF)|,|0|
|Environmental_resource_management|,|0|
|The_Major_Transitions_in_Evolution|,|0|
|La'cryma_Christi|,|0|
|Gould_designation|,|0|
|Carissa_macrocarpa|,|0|
|Delta_Aquarii|,|0|
|Anamorphosis|,|0|
|X-Play|,|0|
|Wirecast|,|0|
|Russian_boxing|,|0|
|Tokyo_Dawn_Records|,|0|
|Raft_(computer_science)|,|0|
|Sony_Xperia_X|,|0|
|9912_Donizetti|,|0|
|El_Chavo_Animado|,|0|
|Indo-European_ablaut|,|0|
|Zeta2_Muscae|,|0|
|Chemical_Markup_Language|,|1|
|List_of_largest_shopping_malls|,|0|
|Laptop|,|0|
|Bangarang|,|0|
|List_of_best-selling_PC_games|,|0|
|Fear_of_commitment|,|0|
|Ddrescue|,|0|
|Community_of_position|,|0|
|Digital_Fish_Library|,|0|
|Cognitive_Research_Trust|,|0|
|Franklin's_Forest|,|0|
|Higher-Order_Perl|,|0|
|Kolhi|,|0|
|Flue-gas_condensation|,|0|
|Lexicographic_code|,|0|
|Bolesław_Matuszewski|,|0|
|Blocksworld|,|0|
|Fort_Lean|,|0|
|Iron_Monkey_(band)|,|0|
|LG_Optimus_G_Pro|,|0|
|Robinson–Schensted–Knuth_correspondence|,|0|
|Church_of_the_Holy_Sepulchre|,|0|
|Atomistix_ToolKit|,|0|
|Trust_region|,|0|
|List_of_seas|,|0|
|Cyber_spying|,|0|
|Specification_and_Description_Language|,|1|
|Jarrakan_languages|,|0|
|Para-cycling_classification|,|0|
|Yehowists|,|0|
|List_of_MeSH_codes_(C01)|,|0|
|Buick_Rendezvous|,|0|
|Chalk_heath|,|0|
|Distrust|,|0|
|Moufang_set|,|0|
|DataCite|,|0|
|Honor_Harrington|,|0|
|Henryk_Witek|,|0|
|Analog_recording|,|0|
|Global_Reporting_Initiative|,|0|
|NGC_193|,|0|
|NGC_4919|,|0|
|Outline_of_the_United_States_Virgin_Islands|,|0|
|Chrysler_Airflow|,|0|
|Mechanical_television|,|0|
|Epsilon_Aurigae|,|0|
|Ar_(Unix)|,|0|
|PHP-Nuke|,|0|
|Sharp-P-complete|,|0|
|SeaMonkey|,|0|
|Skylanders:_Spyro's_Adventure|,|0|
|Specular_holography|,|0|
|OpenBLAS|,|0|
|Carcass_(band)|,|0|
|Country_code_top-level_domain|,|0|
|Caelum|,|0|
|N_Carinae|,|0|
|Ovius_and_Novius_Calavius|,|0|
|Líbido_(band)|,|0|
|Etoy|,|0|
|PARSEC|,|0|
|80_Cancri|,|0|
|Aquarius/Let_the_Sunshine_In|,|0|
|Schubert_variety|,|0|
|Stephen_H._Davis|,|0|
|OpenScientist|,|0|
|NGC_7315|,|0|
|Werauhia_insignis|,|0|
|Petty_nobility|,|0|
|Spiritualism|,|0|
|Anna_Krylov|,|0|
|Pattern_language_(formal_languages)|,|0|
|Meetic|,|0|
|Prune_and_search|,|0|
|Messier_50|,|0|
|XO-5b|,|0|
|Dlisted|,|0|
|Precompiled_header|,|0|
|BitLord|,|0|
|Hermes_Project|,|0|
|Daisyworld|,|0|
|The_Killers|,|0|
|List_of_longest_films|,|0|
|Cooperative_MIMO|,|0|
|Taurus_(constellation)|,|0|
|Persiankiwi|,|0|
|HD_89744_b|,|0|
|Endless_Game|,|0|
|One-dimensional_symmetry_group|,|0|
|Novorossiya_TV|,|0|
|American_Telemedicine_Association|,|0|
|Rivethead|,|0|
|Bad_Radio|,|0|
|Kafr_Abdu|,|0|
|NIDDK_Office_of_Technology_Transfer_and_Development|,|0|
|Glove_problem|,|0|
|Joel_Lee_Brenner|,|0|
|Brouwer–Heyting–Kolmogorov_interpretation|,|0|
|Student_information_system|,|0|
|Trust_(electronics_company)|,|0|
|FreeCreditScore.com|,|0|
|Rise_to_Ruins|,|0|
|Mind_games|,|0|
|List_of_fields_of_doctoral_studies_in_the_United_States|,|0|
|Complexity_class|,|0|
|Fear_Zero|,|0|
|Global_village|,|0|
|Lexical_grammar|,|0|
|Official_World_Golf_Ranking|,|0|
|Sieve_C++_Parallel_Programming_System|,|0|
|China_Merchants_Shekou_Industrial_Zone_Holdings|,|0|
|List_of_longest_placenames_in_Ireland|,|0|
|Close_(system_call)|,|0|
|Czech_Republic|,|0|
|Electromigrated_nanogaps|,|0|
|Erewhon_Revisited|,|0|
|Sacred_Seven|,|0|
|Herschel_Island_(Chile)|,|0|
|Melilla|,|0|
|JAligner|,|0|
|62_Andromedae|,|0|
|Two-way_finite_automaton|,|0|
|Yahoo!_Search_Marketing|,|0|
|New_Jerusalem|,|0|
|Patois|,|0|
|Superorganism|,|0|
|Simultaneous_algebraic_reconstruction_technique|,|0|
|Forest_History_Center|,|0|
|Acer_stewarti|,|0|
|List_of_undecidable_problems|,|0|
|Cultural_diversity|,|0|
|Video_Violence_(group)|,|0|
|Tsunami_(Southern_All_Stars_song)|,|0|
|Theta_Tucanae|,|0|
|Fate_(video_game)|,|0|
|Banjara_(Muslim)|,|0|
|QM/MM|,|0|
|Glycomics|,|0|
|X11_color_names|,|0|
|Computational_electromagnetics|,|0|
|ISO_3166-2:MH|,|0|
|Dolphin_(file_manager)|,|0|
|Odious_debt|,|0|
|Racial_wage_gap_in_the_United_States|,|0|
|Hanna-Barbera|,|0|
|Kepler-22|,|0|
|A+_(programming_language)|,|1|
|Art_of_Illusion|,|0|
|Seven_Sleepers|,|0|
|Imaging_radar|,|0|
|The_Mighty_Don't_Kneel|,|0|
|Nitish_V._Thakor|,|0|
|EbXML|,|0|
|Slope-former|,|0|
|MIDI_Machine_Control|,|1|
|Memory-mapped_file|,|0|
|Roland_and_Almita_Vamos|,|0|
|Phi_Orionis|,|0|
|Omega1_Scorpii|,|0|
|Dixmier_trace|,|0|
|Jeff_Jarrett|,|0|
|Lord_Murugan_Statue|,|0|
|Microbotics|,|0|
|BASICODE|,|0|
|HD_52265_b|,|0|
|Acropora|,|0|
|Project_Starfighter|,|0|
|NGC_247|,|0|
|CMD_file_(CP/M)|,|0|
|Bootlegging_(business)|,|0|
|Jeehiun_Lee|,|0|
|Restricted_root_system|,|0|
|Welch's_method|,|0|
|Google_Book_Search_Settlement_Agreement|,|0|
|Breadwinners_(TV_series)|,|0|
|Social_class|,|0|
|United_Kingdom_Standard_Industrial_Classification_of_Economic_Activities|,|0|
|LL_parser|,|0|
|Has-a|,|0|
|Inverse_iteration|,|0|
|Computational_linguistics|,|0|
|Turnstile_(symbol)|,|0|
|Hymenophyllum_howense|,|0|
|Geometric_topology|,|0|
|Michael_Jackson|,|0|
|Compact_stencil|,|0|
|List_of_flood_basalt_provinces|,|0|
|Guideline_execution_engine|,|0|
|Lambda_Gruis|,|0|
|Warrior_monk|,|0|
|Observer_pattern|,|0|
|Turán's_brick_factory_problem|,|0|
|JPedal|,|0|
|Apache_Ambari|,|0|
|Machine_orders|,|0|
|Thank_God_for_Mississippi|,|0|
|Redundant_array_of_independent_memory|,|0|
|Phylogenetic_inertia|,|0|
|Oh-OK|,|0|
|Unit_disk_graph|,|0|
|Entry_point|,|0|
|Dicksonia_fibrosa|,|0|
|List_of_amphibians_of_Yellowstone_National_Park|,|0|
|Batales|,|0|
|Eta_Capricorni|,|0|
|Mutopia_Project|,|0|
|Turbine_inlet_air_cooling|,|0|
|Gtk2-Perl|,|0|
|Apple_Maps|,|0|
|384_(number)|,|0|
|Hall's_identity|,|0|
|Givens_rotation|,|0|
|Merkos_L'Inyonei_Chinuch|,|0|
|Daniel_S._Loeb|,|0|
|Multipath_I/O|,|0|
|Muslim_Shaikh|,|0|
|Folded_Reed–Solomon_code|,|0|
|Caribou-Targhee_National_Forest|,|0|
|Magnificent_Seven_(gymnastics)|,|0|
|NGC_4570|,|0|
|CamStudio|,|0|
|Zoka_Forest|,|0|
|North_West_England|,|0|
|Hindmarsh–Rose_model|,|0|
|Eamon_Dunne|,|0|
|WR_114|,|0|
|Volkswagen_Karmann_Ghia|,|0|
|Marching_brass|,|0|
|Samsung_Galaxy_Tab_2_10.1|,|0|
|HD_91496|,|0|
|Amsterdam_Compiler_Kit|,|0|
|Rapture_Ready|,|0|
|Historical_GDP_of_China|,|0|
|73_(number)|,|0|
|Millvina_Dean|,|0|
|Constraint_satisfaction|,|0|
|Pascal_MicroEngine|,|0|
|South_Star|,|0|
|Terrorist_Finance_Tracking_Program|,|0|
|Panther_De_Ville|,|0|
|Graph_edit_distance|,|0|
|Hi_and_Lois|,|0|
|HD_122563|,|0|
|Estampage|,|0|
|OTC_Markets_Group|,|0|
|Brauer–Suzuki–Wall_theorem|,|0|
|IFolder|,|0|
|L._T._F._Gamut|,|0|
|Iterative_proportional_fitting|,|0|
|List_of_years_in_film|,|0|
|Sacred_geometry|,|0|
|Arithmetic_combinatorics|,|0|
|Orc_(programming_language)|,|1|
|PROGOL|,|0|
|Feminism_in_culture|,|0|
|Yao_Wenyuan|,|0|
|Ogier_the_Dane|,|0|
|Kaoru_Genji|,|0|
|ISO_3166-2:PH|,|0|
|List_of_Dark_Shadows_characters|,|0|
|Figure_rating_scale|,|0|
|Partial_template_specialization|,|0|
|Saharo-Arabian_Region|,|0|
|F.lux|,|0|
|Sink_(computing)|,|0|
|Gentile|,|0|
|Sustainable_national_income|,|0|
|King_Arthur's_family|,|0|
|Unambiguous_Turing_machine|,|0|
|PSE_All_Shares_Index|,|0|
|Superbone|,|0|
|Ternary_commutator|,|0|
|Attendance|,|0|
|WxSQLite3|,|0|
|Fynbos|,|0|
|Lamport_signature|,|0|
|IDEF4|,|1|
|National_Bureau_of_Classification_(NBC)|,|0|
|TT_Corvi|,|0|
|Mind_Games_(Zard_song)|,|0|
|Longitude|,|0|
|Djibouti|,|0|
|System_requirements_(spacecraft_system)|,|0|
|Link_distance|,|0|
|HD_115211|,|0|
|Iyoite|,|0|
|BioBIKE|,|0|
|Jurisprudence|,|0|
|MOEA_Framework|,|0|
|F1_2013_(video_game)|,|0|
|Buru|,|0|
|L.A._Noire|,|0|
|Dakhinpat_Satra|,|0|
|International_rankings_of_Denmark|,|0|
|Cypher_(video_game)|,|0|
|Gamma_Ursae_Minoris|,|0|
|Annualized_failure_rate|,|0|
|Rosewood_massacre|,|0|
|4CAPS|,|0|
|Pricena|,|0|
|XML_data_binding|,|0|
|Drifting_ice_station|,|0|
|Earle–Hamilton_fixed-point_theorem|,|0|
|Nemesysco|,|0|
|GraphExeter|,|0|
|IBM_History_Flow_tool|,|0|
|Kiss_(band)|,|0|
|Harrison_Institute|,|0|
|International_Yacht_Training_Worldwide|,|0|
|Daniel_Striped_Tiger|,|0|
|Phuket_City|,|0|
|Telephone_numbers_in_Namibia|,|0|
|Post–Turing_machine|,|0|
|Sierra_Leone|,|0|
|Assam_Lemon|,|0|
|Turing_machine_examples|,|0|
|Simulated_annealing|,|0|
|Amon_Amarth|,|0|
|Los_Carpinteros|,|0|
|Video_film_era|,|0|
|NASA_Space_Universe|,|0|
|Joint_source_and_channel_coding|,|0|
|Clinical_quality_management_system|,|0|
|Nissan_Prairie|,|0|
|List_of_stars_in_Gemini|,|0|
|Pale_of_Settlement|,|0|
|Clara.io|,|0|
|Resource_Description_and_Access|,|0|
|CiviCRM|,|0|
|Template_Haskell|,|0|
|Nexiona_Connectocrats|,|0|
|No_Good_(group)|,|0|
|This_Is_Your_Captain_Speaking|,|0|
|Bit-reversal_permutation|,|0|
|SME_Server|,|0|
|Homonym_(biology)|,|0|
|Mycin|,|0|
|List_of_stars_in_Leo_Minor|,|0|
|Salvia_africana-lutea|,|0|
|Katia_Sycara|,|0|
|The_Rolling_Girls|,|0|
|Sverigetopplistan|,|0|
|Max_Figman_and_Lolita_Robertson|,|0|
|Unary_function|,|0|
|Sign_function|,|0|
|Omphalos|,|0|
|List_of_reptiles_of_Yellowstone_National_Park|,|0|
|Taskworld|,|0|
|Fay's_trisecant_identity|,|0|
|ID3|,|0|
|Forgotten_Ten|,|0|
|Machinima|,|0|
|Detroit–Windsor|,|0|
|IBM_STAIRS|,|0|
|Cumberland_Plain|,|0|
|Private_investigator|,|0|
|V603_Aquilae|,|0|
|International_rankings_of_Cuba|,|0|
|Batman:_The_Telltale_Series|,|0|
|TSP_(econometrics_software)|,|0|
|Microsoft-specific_exception_handling_mechanisms|,|0|
|Project_management_information_system|,|0|
|Symbolic_chickens|,|0|
|Prizma|,|0|
|Idiophone|,|0|
|National_Fresh_Water_Fishing_Hall_of_Fame|,|0|
|Compile_time_function_execution|,|0|
|Archos_GamePad|,|0|
|Oppressor|,|0|
|Public_sector|,|0|
|Mu1_Cancri|,|0|
|Richardson_Grove_State_Park|,|0|
|Jarral|,|0|
|Taste_(band)|,|0|
|Haran's_diamond_theorem|,|0|
|Quark_Author|,|0|
|Mem_(computing)|,|0|
|Cheilanthes|,|0|
|ChitChat|,|0|
|Mount_Erebus|,|0|
|Lincoln_Versailles|,|0|
|MBC_Max|,|0|
|32_Cygni|,|0|
|Velificatio|,|0|
|SGR_1806-20|,|0|
|HD_124639|,|0|
|FlexGen|,|0|
|JT_(visualization_format)|,|1|
|Kinetic_Monte_Carlo|,|0|
|UberWriter|,|0|
|Matchmaking|,|0|
|Spider-Man|,|0|
|Mamil|,|0|
|Endless_(comics)|,|0|
|List_of_OECD_countries_by_job_security|,|0|
|Kummer's_function|,|0|
|Ni1000|,|0|
|Semantic_holism|,|0|
|Karlite|,|0|
|Zak_McKracken:_Between_Time_and_Space|,|0|
|Flow_Cytometry_Standard|,|0|
|Commensurability_(group_theory)|,|0|
|ISO_3166-2:RU|,|0|
|Human_action_cycle|,|0|
|Heliotropes_(band)|,|0|
|NGC_194|,|0|
|Mehrotra_predictor–corrector_method|,|0|
|Pig_Goat_Banana_Cricket|,|0|
|Cogs_(video_game)|,|0|
|Bit.Trip_Beat|,|0|
|Cheat_Engine|,|0|
|Ambric|,|0|
|Llanos_de_Moxos|,|0|
|Unleashed_Software|,|0|
|Tillamook_Burn|,|0|
|Maliar|,|0|
|Cerro_El_Pital|,|0|
|Kekistan|,|0|
|E-OTD|,|0|
|Crash_Course_(YouTube)|,|0|
|Toyota_MR2|,|0|
|QNX|,|0|
|Baidu_Baike|,|0|
|List_of_Scottish_counties_by_highest_point|,|0|
|NGC_1491|,|0|
|Nallamala_Hills|,|0|
|IdeaScale|,|0|
|Acxiom|,|0|
|Leda_(programming_language)|,|1|
|IgHome|,|0|
|Starry_Night_(planetarium_software)|,|0|
|I_(pronoun)|,|0|
|Logico-linguistic_modeling|,|0|
|Imputation_(statistics)|,|0|
|Integrated_master_plan|,|0|
|Train_track_map|,|0|
|SX000i_-_International_guide_for_the_use_of_the_S-Series_of_Integrated_Logistics_Support_(ILS)_specifications|,|0|
|CHELPG|,|0|
|Roland_Sound_Canvas|,|0|
|Maria_Kisito|,|0|
|N_=_4_supersymmetric_Yang–Mills_theory|,|0|
|George_Smoot|,|0|
|Newborn_(band)|,|0|
|Gap_reduction|,|0|
|Manuel_DeLanda|,|0|
|Bill_Johnston_(cricketer)|,|0|
|AAP_DTD|,|0|
|Asiatic_Vespers|,|0|
|Monophyly|,|0|
|Drinkers_Mass|,|0|
|ECC_memory|,|0|
|Bropho_v_Western_Australia|,|0|
|List_of_unicorn_startup_companies|,|0|
|Oneview|,|1|
|Johann_Christian_von_Hellbach|,|0|
|Public_Committee_(Israel)|,|0|
|ProCare|,|0|
|Optoutprescreen.com|,|0|
|Software_copyright_in_China|,|0|
|An_American_Revolution|,|0|
|Citizens'_Forum_on_Canada's_Future|,|0|
|Tokio_Jokio|,|0|
|Leland_Sundries|,|0|
|Choropleth_map|,|0|
|Francisco_Hudson|,|0|
|Delta1_Canis_Minoris|,|0|
|GeekBrief.TV|,|0|
|Tiffany_Mitchell|,|0|
|Political_consciousness|,|0|
|Endorphina|,|0|
|Inkurdish|,|0|
|Eastbank_Esplanade|,|0|
|Stalin_(Scheme_implementation)|,|1|
|York_Band_Instrument_Company|,|0|
|August_Novelization|,|0|
|Tokopah_Falls|,|0|
|Analytical_Sciences_Digital_Library|,|0|
|Frameserver|,|1|
|Yellow_hypergiant|,|0|
|Severstal|,|0|
|Mass_Effect:_Andromeda|,|0|
|Arbitration_Act_1996|,|0|
|Abelian_variety|,|0|
|Ports_of_the_Baltic_Sea|,|0|
|Sports_broadcasting_contracts_in_Thailand|,|0|
|Juan_María_Fernández_y_Krohn|,|0|
|Certified_copy|,|0|
|Kyocera|,|0|
|Sassui_Punnhun|,|0|
|Yume_Penguin_Monogatari|,|0|
|Ortelius_oval_projection|,|0|
|SS_Sapona|,|0|
|Creatorverse|,|0|
|Language_policies_of_Francoist_Spain|,|0|
|Wind-wave_dissipation|,|0|
|James_Hamblin_(journalist)|,|0|
|Boomj.com|,|0|
|741_Botolphia|,|0|
|Palestine_Papers|,|0|
|Data_library|,|0|
|Software_product_management|,|0|
|ProRec|,|0|
|Pig_Rush|,|0|
|Kappa1_Ceti|,|0|
|Tom_Clancy's_Splinter_Cell:_Blacklist|,|1|
|Frank_Clement_(racing_driver)|,|0|
|Qualcomm_Snapdragon|,|0|
|Charlie_Brooker's_Weekly_Wipe|,|0|
|Politician|,|0|
|Corniche_Beirut|,|0|
|Nickolas_Mohanna|,|0|
|NLUUG|,|0|
|Broadway_Melody_of_1940|,|0|
|Crazy_Talk|,|0|
|Tengen_(company)|,|0|
|Tales_of_the_World:_Tactics_Union|,|1|
|Joint_Probabilistic_Data_Association_Filter|,|0|
|United_Nations_Security_Council_Resolution_1390|,|0|
|Resource_Access_Control_Facility|,|1|
|Peter_Suchenwirt|,|0|
|Saalivaahanan|,|0|
|Bill_O'Reilly_(political_commentator)|,|0|
|PatrolBot|,|0|
|Elvis_by_Request:_Flaming_Star_and_3_Other_Great_Songs|,|0|
|Spruce-fir_forests|,|0|
|Total_permanent_disability_insurance|,|0|
|Central_Macedonia|,|0|
|IP_exchange|,|0|
|Lila_Tretikov|,|0|
|Josh_Neufeld|,|0|
|Tiny_Masters_of_Today|,|0|
|Psych:_The_Musical|,|0|
|Crack_(password_software)|,|1|
|Cosmos_(plant)|,|0|
|Matt_Cutts|,|0|
|IOS_10|,|1|
|Prosumware|,|0|
|1252_Celestia|,|0|
|GovNet|,|0|
|Postgraduate_Certificate_in_Laws|,|0|
|Cinema_Museum_of_Melgaço|,|0|
|Apensar|,|1|
|Schur_polynomial|,|0|
|The_Next_List|,|0|
|Focused_impedance_measurement|,|0|
|The_Other_Path:_The_Economic_Answer_to_Terrorism|,|0|
|Vehicle_registration_plates_of_Guyana|,|0|
|Rocket_Raccoon|,|0|
|Justice_in_the_World|,|0|
|Fufu|,|0|
|PetMed_Express|,|0|
|Jon-Marc_McDonald|,|0|
|PL360|,|1|
|Taken_3|,|0|
|Comparison_of_online_dating_websites|,|0|
|Margaret_Ng|,|0|
|Tomcat_Alley|,|1|
|Kingway_Brewery|,|0|
|Hollywood_East_Film_Festival|,|0|
|Vladivostok_Air_destinations|,|0|
|Comparison_of_3D_printers|,|0|
|FIRJAN_System|,|0|
|He's_a_Pirate|,|0|
|Jay_Maynard|,|0|
|Universal_Pictures|,|0|
|Tibetan_Sign_Language|,|0|
|Pole_Position_II|,|1|
|Idea_networking|,|0|
|MANCOOSI|,|0|
|Arab_television_drama|,|0|
|Evergreen_(Love_Theme_from_A_Star_Is_Born)|,|0|
|Parenthesis_(rhetoric)|,|0|
|Klonoa:_Empire_of_Dreams|,|1|
|Joseph_Anderson_Panton|,|0|
|Shield_Knight|,|0|
|Frequent_subtree_mining|,|0|
|Manuel_Senante_Martinez|,|0|
|ElseVR|,|0|
|Koingo_Software|,|0|
|Star_Wolves|,|1|
|PCGamesN|,|0|
|TNA_Impact!_(video_game)|,|1|
|From_a_Second_Story_Window|,|0|
|Willkommen_Collective|,|0|
|44th_parallel_north|,|0|
|Rockin'_with_Judy_Jetson|,|0|
|Nat_Ho|,|0|
|Shane_Webcke|,|0|
|SpiralFrog|,|0|
|PureSolo|,|0|
|Restrictions_on_the_import_of_cryptography|,|0|
|F2c|,|1|
|Magnetek|,|0|
|Hybrid_DVD|,|0|
|Psychosynthesis|,|0|
|Riot_Runners|,|1|
|LogicLocker|,|1|
|Johnny's_Theme|,|0|
|Flory–Huggins_solution_theory|,|0|
|3255_Tholen|,|0|
|Android_Dev_Phone|,|0|
|Bolocam_Galactic_Plane_Survey|,|0|
|Ignite_Channel|,|0|
|Intruder_in_the_Dust_(film)|,|0|
|Nickel–zinc_battery|,|0|
|Viña_del_Mar_psychopaths|,|0|
|Mr._Bones_(video_game)|,|1|
|Rigged_Hilbert_space|,|0|
|Osama_bin_Laden's_house_in_Khartoum|,|0|
|Drunken_Peasants|,|0|
|SDL_MultiTerm|,|1|
|Om_(band)|,|0|
|Bolt_(website)|,|0|
|Jason_X|,|0|
|While_New_York_Sleeps|,|0|
|Simulated_pregnancy|,|0|
|Subaltern_(postcolonialism)|,|0|
|Blue_Ensign|,|0|
|Safed|,|0|
|Epsilon_Indi|,|0|
|Zheng_Zhengqiu|,|0|
|Jubii|,|1|
|2017_China_bolide|,|0|
|Kaadhal_Mannan|,|0|
|Blancmange_curve|,|0|
|Bezold–Brücke_shift|,|0|
|Chrometa|,|1|
|MyVoucherCodes|,|0|
|Hard_Times_(1975_film)|,|0|
|Military_Tract_of_1812|,|0|
|Web_typography|,|1|
|Best_German_Novels_of_the_Twentieth_Century|,|0|
|INVEST_(mnemonic)|,|0|
|Dark_Rye|,|0|
|Cake_Wrecks|,|1|
|Newslookup|,|1|
|The_Return_of_the_Riddle_Rider|,|0|
|Shockproof|,|0|
|E.V.O.:_Search_for_Eden|,|1|
|Algebraic_matroid|,|0|
|Domain-specific_entertainment_language|,|1|
|Ceratobasidium_cornigerum|,|0|
|Apple_Lossless|,|1|
|Charon_(band)|,|0|
|ART_Holdings|,|0|
|Foam_weapon|,|0|
|Asteroids_Deluxe|,|0|
|Coat_of_arms_of_Curaçao|,|0|
|Turnabout_Glacier|,|0|
|Commonwealth_Association_of_Law_Reform_Agencies|,|0|
|Coupling_(computer_programming)|,|0|
|Andorran_political_reform_referendum,_1978|,|0|
|Crt0|,|1|
|Victoria_University_of_Wellington|,|0|
|Black_Cloud|,|0|
|Flame-Sim|,|1|
|Set_decorator|,|0|
|Ibansk|,|0|
|Trespass_to_the_person|,|0|
|1-2-Switch|,|1|
|Second_City_Television|,|0|
|Sisters_of_Perpetual_Indulgence|,|0|
|Arecont_Vision|,|0|
|PVH_(company)|,|0|
|We_Too_Walked_on_the_Moon|,|0|
|TypeCon2008_Buffalo|,|0|
|Nick_Vernier_Band|,|0|
|OER_Africa|,|0|
|Hotline_Communications|,|1|
|The_Child_of_Destiny|,|0|
|R-tools|,|1|
|Josef_Ludwig_Holub|,|0|
|Kamenický_encoding|,|0|
|Nicolae_Petrescu-Comnen|,|0|
|AMD_Radeon_500_series|,|0|
|Phelios|,|1|
|Farm_House_(film)|,|0|
|Eternal_September|,|0|
|Sébastien_Loeb_Rally_Evo|,|1|
|The_York_Water_Company|,|0|
|Courier_(typeface)|,|1|
|Youth_voice|,|0|
|Alexandre_Gomes|,|0|
|Azilsartan|,|0|
|ChileHardware|,|0|
|Weyl_character_formula|,|0|
|License_compatibility|,|0|
|Jimmy_Choo_Ltd|,|0|
|Unobtrusive_JavaScript|,|0|
|E4_Series_Shinkansen|,|0|
|Microdecisions,_Inc._v._Skinner|,|0|
|Icelandic_Braille|,|0|
|Method_of_continuity|,|0|
|Groundwater_on_Mars|,|0|
|Electroneum|,|0|
|Namco_System_11|,|0|
|Robotic_voice_effects|,|0|
|Sony_Imagesoft|,|0|
|Beraunite|,|0|
|Steve_Jackson_(British_game_designer)|,|0|
|Scad_(fraud)|,|0|
|Stealware|,|1|
|Alice_Remsen|,|0|
|Epsilon_Trianguli|,|0|
|Glazier_Systems|,|0|
|BitTyrant|,|1|
|Breaking_the_Code|,|0|
|Alfred_(software)|,|1|
|Lacuna_model|,|1|
|Takrut|,|0|
|Bipartite_graph|,|0|
|SomeOne|,|0|
|Chemistry_Central|,|0|
|Washington_D.C._Area_Film_Critics_Association_Award_for_Best_Documentary|,|0|
|Vector_addition_system|,|0|
|Junonia_genoveva|,|0|
|Service_assurance|,|0|
|New_England_Lost_Ski_Areas_Project|,|0|
|GIFBuilder|,|1|
|Devils'_Line|,|0|
|Coast|,|0|
|Jones_Angell|,|0|
|The_Darkside_Detective|,|0|
|Die_Hard_(film_series)|,|0|
|SymmetricDS|,|1|
|Asphalt:_Urban_GT_2|,|1|
|Sznajd_model|,|0|
|ClearDB_Documenter|,|0|
|StepStone|,|0|
|Parliament_of_England|,|0|
|Hierarchical_network_model|,|0|
|El_Djazairia_One|,|0|
|Bridge_Global|,|0|
|Special_Security_Office|,|0|
|Software_lockout|,|0|
|Roger_Cruz|,|0|
|Malacologica_Bohemoslovaca|,|0|
|While_Shepherds_Watched_Their_Flocks|,|0|
|PropertyShark|,|0|
|Gerard_Bancker|,|0|
|Rasmus_Nellemann|,|0|
|Thief_(soundtrack)|,|0|
|Kenneth_Lerer|,|0|
|Great_Wall_Pan_Asia_Holdings|,|0|
|Partial_autocorrelation_function|,|0|
|Resistance_3|,|1|
|Mafia_film|,|0|
|Ruin_value|,|0|
|OTS_44|,|0|
|Ford_Windstar|,|0|
|20th_Century_Fox_Film_Noir|,|0|
|George_MacDonald_(game_designer)|,|0|
|Kees_Koolen|,|0|
|Castlevania:_Circle_of_the_Moon|,|1|
|SuperKarts|,|1|
|Speech_sound_disorder|,|0|
|DCVG|,|0|
|BigDFT|,|1|
|The_Sniper_(1952_film)|,|0|
|Hall–Janko_graph|,|0|
|Zero_Critical|,|1|
|Antanas_Guoga|,|0|
|GRS_1915+105|,|0|
|NGC_278|,|0|
|Algebraic_torus|,|0|
